ICD_CODE|GROUP
A07.0|10
A07.1|10
A17.89|9
A18.01|4
A18.8|3
A19.0|4
A22.0|8
A22.1|3
A22.7|10
A28.9|2
A32.0|5
A36.81|8
A36.86|5
A39.2|10
A41.0|10
A50.2|6
A51.0|4
A52.16|10
A52.72|8
A56.00|7
A56.09|6
A60.04|8
A69.22|9
A69.9|4
A75.2|5
A80.2|2
A83.6|5
A88.0|10
A92.31|4
A92.39|7
A96.2|6
A98.0|3
B00.1|9
B00.5|2
B00.59|2
B00.7|7
B01.1|10
B05.3|3
B06.81|8
B06.89|4
B07.0|8
B08.09|3
B10.0|3
B10.89|10
B18.1|9
B26.0|5
B30.0|5
B37.4|7
B37.6|1
B38.3|4
B39.2|2
B40.0|3
B43.1|2
B47.0|3
B50.0|10
B53.1|1
B55.0|6
B60.12|5
B67.2|7
B69.0|6
B69.9|7
B70.0|2
B71.9|3
B74.4|3
B82.0|10
B90.2|3
B95.0|8
B96.3|1
B96.7|1
B97.0|6
B97.11|5
B97.12|9
C09.0|1
C10.0|4
C15.8|9
C16.6|2
C17.9|3
C18.0|3
C34.0|8
C40.20|1
C40.22|1
C40.8|3
C40.90|6
C43.1|1
C43.10|6
C43.112|8
C43.5|2
C43.9|8
C44.1222|7
C44.13|9
C44.2|1
C44.292|8
C44.300|10
C44.41|6
C44.510|1
C4A.7|5
C50.122|2
C50.421|4
C50.52|3
C50.629|9
C50.822|7
C50.912|8
C54.0|1
C56.2|6
C62.01|3
C66.9|5
C69.11|6
C74.11|9
C74.9|2
C79.19|10
C79.7|5
C79.89|2
C7A.025|5
C81.36|8
C81.70|10
C82.23|10
C82.58|1
C83.03|8
C83.38|6
C83.58|10
C83.83|10
C83.87|5
C83.90|10
C84.05|4
C84.13|8
C84.69|5
C84.71|7
C84.Z6|8
C84.Z9|9
C85.11|4
C85.80|1
C85.84|4
C85.87|5
C88.0|8
C90.22|5
C90.30|3
C90.32|6
C91.30|3
C91.32|8
C92.40|3
C92.6|7
C92.A0|4
C93.11|10
C95.9|8
D00.07|3
D02.4|5
D03.0|6
D03.21|2
D04.122|4
D04.7|7
D05.9|2
D07.69|4
D09.0|9
D14.31|3
D16.30|7
D22.0|6
D22.30|9
D30.20|10
D31.0|3
D31.42|10
D32.1|2
D33.3|1
D33.7|2
D35.3|6
D35.7|4
D37.03|8
D3A.095|9
D40.10|6
D40.12|6
D40.9|5
D43.0|4
D47.2|7
D49.512|1
D51.0|5
D51.3|5
D57.819|2
D59.8|7
D61.3|4
D68.0|4
D72.8|5
D72.81|1
D72.818|3
D72.82|1
D74.0|5
D75.81|2
D75.9|10
D80.4|8
D81.2|3
D86.8|3
D89.810|6
D89.811|5
E03.0|6
E03.4|10
E04.0|2
E08.0|3
E08.3292|7
E08.34|6
E08.3512|7
E08.3533|2
E08.51|4
E08.61|3
E08.8|3
E09.3|7
E09.3552|9
E09.40|1
E09.610|5
E10.321|4
E10.34|10
E10.353|2
E10.3542|10
E10.355|1
E10.3593|4
E10.61|5
E10.638|10
E10.641|8
E10.65|10
E11.37X1|4
E11.5|8
E13.319|1
E13.3412|3
E13.359|9
E13.51|6
E13.59|2
E13.621|1
E16.9|4
E24.1|1
E26.0|8
E32.8|4
E61.7|10
E64.2|1
E66.1|3
E67.0|5
E70.319|8
E71.42|10
E71.50|5
E73.0|4
E74.20|2
E74.810|3
E75.0|4
E75.01|2
E75.241|1
E75.26|10
E75.3|6
E76.211|2
E80.5|9
E83.41|4
E84.1|1
E89.4|10
E89.41|3
F01.51|4
F06.0|2
F10.130|6
F10.150|7
F10.920|3
F11.13|5
F11.9|3
F11.951|8
F11.959|5
F12.920|5
F13.132|8
F13.98|10
F14.129|9
F14.15|7
F14.920|7
F14.980|6
F14.982|1
F15.10|9
F15.982|3
F15.99|9
F16.18|9
F16.220|1
F16.283|4
F17.200|10
F17.21|7
F17.223|6
F18.10|9
F18.151|9
F18.180|1
F18.959|6
F19.920|6
F19.932|7
F20.81|8
F30.11|8
F30.8|8
F31.11|9
F31.9|10
F32.81|9
F40.233|10
F40.243|4
F43.8|10
F45.20|9
F53.1|5
F60.0|8
F60.89|3
F60.9|7
F63.0|8
F64.1|3
F78.A1|10
F80.4|3
F84.8|3
F94.2|4
F98.9|5
G00.0|2
G00.1|9
G11.1|9
G12.0|3
G21.0|3
G21.2|1
G23.2|5
G24.8|3
G25.0|8
G25.4|4
G25.6|10
G25.7|10
G31.81|2
G31.83|1
G31.84|4
G31.85|7
G37.2|5
G37.4|10
G40.01|2
G40.211|5
G40.813|5
G43.109|2
G43.611|6
G43.619|4
G44.021|9
G44.321|4
G44.51|1
G45.3|3
G45.8|7
G47.24|10
G47.34|5
G47.411|1
G47.42|6
G56.1|1
G57.12|5
G57.22|5
G57.7|1
G57.81|1
G57.93|6
G60.2|1
G61.0|9
G61.8|9
G70.0|1
G71.01|1
G72.89|9
G80.0|4
G83.0|9
G83.83|5
G89.11|5
G93.0|1
G93.89|6
G96.0|4
G96.00|8
G97.5|1
G97.81|10
H00.14|5
H00.19|2
H02.001|5
H02.004|8
H02.011|10
H02.021|10
H02.026|1
H02.1|8
H02.102|2
H02.123|1
H02.21B|4
H02.221|6
H02.229|5
H02.34|7
H02.41|1
H02.423|6
H02.429|6
H02.526|8
H02.835|9
H02.851|9
H02.871|1
H04.03|8
H04.033|9
H04.13|10
H04.152|4
H04.323|3
H04.512|7
H04.522|1
H04.571|6
H05.031|5
H05.12|6
H05.31|3
H05.313|7
H05.403|1
H05.823|10
H10.012|10
H10.02|3
H10.211|4
H10.22|5
H10.32|5
H10.532|9
H11.003|4
H11.011|1
H11.442|4
H15.021|9
H15.059|9
H15.101|4
H15.113|8
H15.852|10
H15.89|8
H16.021|5
H16.032|4
H16.072|10
H16.222|8
H16.231|7
H16.243|3
H16.299|2
H16.40|8
H16.419|8
H16.432|1
H17.0|1
H17.1|6
H18.003|5
H18.053|4
H18.331|8
H18.441|5
H18.54|4
H18.619|8
H18.71|10
H18.733|8
H18.82|5
H18.891|8
H18.899|8
H20.059|8
H21.01|2
H21.26|8
H21.29|8
H21.52|4
H21.552|6
H25.031|6
H25.2|8
H25.21|10
H25.813|10
H26.0|8
H26.111|7
H26.211|9
H27.11|5
H27.119|2
H30.012|9
H30.123|10
H30.131|7
H30.23|8
H31.102|7
H31.23|3
H31.309|8
H33.002|4
H33.103|6
H33.112|4
H34.21|9
H34.81|7
H34.8111|6
H34.822|7
H34.8312|9
H34.8391|10
H35.119|5
H35.131|4
H35.15|1
H35.172|6
H35.3191|1
H35.321|1
H35.3210|1
H35.3213|2
H35.3230|9
H35.34|6
H35.37|1
H35.453|6
H35.46|3
H35.54|5
H35.6|6
H35.713|1
H35.8|3
H40.059|6
H40.10X0|2
H40.112|1
H40.1120|9
H40.1124|3
H40.132|5
H40.1331|3
H40.1334|7
H40.20X1|2
H40.20X3|10
H40.2211|4
H40.2290|5
H40.243|10
H40.31|3
H40.52X3|7
H40.63X2|4
H43.821|2
H44.119|9
H44.2A|6
H44.2D|3
H44.53|1
H44.609|5
H44.703|8
H44.821|3
H46.01|1
H46.13|7
H47.41|1
H47.641|5
H47.649|6
H49.33|4
H49.41|2
H49.812|10
H50.112|8
H50.17|3
H50.34|10
H52.2|10
H53.01|8
H53.033|7
H53.121|5
H53.40|2
H53.413|4
H53.459|8
H53.462|4
H53.47|7
H53.51|5
H53.69|8
H54.0X5|1
H54.1215|9
H54.2X21|6
H54.40|3
H54.61|7
H54.62|1
H55.0|10
H57.02|7
H57.811|10
H59.12|1
H59.229|2
H59.811|2
H60.0|4
H60.31|3
H60.319|8
H60.391|7
H60.52|7
H60.55|10
H60.593|5
H60.9|4
H61.022|8
H61.029|6
H61.109|7
H65.191|10
H65.199|10
H65.20|9
H65.3|8
H66.00|4
H66.013|1
H66.20|3
H70.092|3
H70.81|3
H70.9|1
H71.00|6
H71.31|4
H71.90|5
H73.93|4
H74.02|1
H74.09|6
H74.321|4
H74.42|7
H74.8|4
H80.20|2
H81.319|9
H81.4|7
H81.8X9|8
H81.91|7
H83.1|8
H83.8X1|7
H91.03|3
H91.20|2
H93.0|9
H93.19|9
H93.293|5
H93.3X|1
H93.8X9|2
H94.00|5
H95.11|4
H95.119|3
H95.51|10
H95.54|6
H95.819|8
I01.0|4
I07.9|5
I15.1|2
I21.0|6
I25.4|2
I25.72|1
I25.721|9
I25.73|10
I25.750|5
I25.751|7
I26.99|5
I27.81|10
I28.1|2
I31.2|4
I36.0|8
I37.0|2
I42.5|4
I44.2|6
I45.0|9
I45.81|3
I45.89|1
I50.82|9
I51.7|4
I51.89|2
I60.8|5
I63.03|6
I63.19|3
I63.211|2
I63.411|1
I63.53|6
I63.533|10
I63.549|5
I63.89|2
I65.01|3
I66.03|4
I68.2|1
I69.044|1
I69.142|8
I69.214|4
I69.219|5
I69.243|4
I69.298|6
I69.31|9
I69.313|6
I69.80|6
I69.82|3
I69.849|1
I69.86|4
I69.962|3
I69.964|4
I69.965|1
I69.991|5
I70.202|8
I70.229|5
I70.302|4
I70.6|4
I70.635|8
I70.69|7
I70.708|3
I70.709|4
I70.74|10
I70.761|9
I70.90|7
I72.6|4
I74.0|10
I77.74|5
I77.75|1
I77.76|3
I77.79|5
I77.810|4
I80.11|5
I80.9|5
I82.42|7
I82.421|3
I82.53|3
I82.532|4
I82.5Y|2
I82.5Z|8
I82.701|7
I82.91|3
I82.B11|4
I83.002|7
I83.003|10
I83.022|9
I83.209|10
I83.221|6
I86.2|10
I87.011|3
I87.031|1
I87.093|1
I97.622|10
I97.638|5
I97.81|2
J01.31|7
J01.40|2
J03.81|9
J04.11|4
J04.2|1
J11.1|1
J11.89|2
J15.7|2
J20.1|1
J21.0|1
J32.0|7
J32.2|2
J38.00|9
J39.0|5
J45.2|4
J45.21|8
J84.113|5
J84.2|2
J84.84|7
J92.9|6
J93.82|1
J95.1|8
J95.2|2
J95.6|9
J95.851|1
J98.01|10
J98.4|7
J98.9|3
K03.0|5
K03.81|7
K04.0|9
K04.6|5
K08.104|10
K08.122|7
K08.19|9
K08.191|8
K08.419|7
K08.421|3
K08.82|7
K13.2|6
K22.8|4
K25.0|7
K25.6|4
K28.2|9
K29.6|2
K29.81|9
K31.811|6
K31.819|4
K40.90|6
K41.0|7
K41.11|2
K43.0|5
K44.0|3
K50.111|1
K50.90|2
K51.019|6
K51.40|10
K51.5|2
K51.51|10
K51.514|4
K51.812|1
K52.21|7
K55.012|7
K55.052|9
K55.21|4
K56.52|10
K56.601|4
K57.31|6
K57.90|10
K58.2|2
K59.9|1
K60.0|9
K60.1|9
K61.3|4
K64.0|1
K70.0|2
K70.1|10
K70.31|2
K71.11|8
K75.81|6
K76.0|4
K80.1|2
K80.21|8
K80.44|7
K80.64|2
K80.67|4
K86.0|1
L01.03|5
L02.12|3
L02.21|4
L02.216|3
L02.225|3
L02.415|4
L02.436|8
L02.539|1
L03.021|2
L03.211|1
L03.3|8
L03.311|10
L03.323|9
L03.324|6
L11.8|10
L12.0|1
L12.35|5
L21.0|7
L24.A2|1
L25.2|10
L27.0|4
L27.1|7
L27.9|3
L30.0|5
L44.3|10
L53.0|8
L66.4|9
L76.81|1
L76.82|10
L81.6|5
L85.0|8
L87.2|4
L89.012|7
L89.013|7
L89.014|4
L89.020|7
L89.024|10
L89.142|3
L89.144|6
L89.2|8
L89.301|8
L89.31|6
L89.613|10
L89.8|7
L90.5|8
L92.2|3
L93.0|9
L97.128|1
L97.212|7
L97.214|10
L97.216|7
L97.219|2
L97.225|6
L97.229|4
L97.30|8
L97.312|6
L97.409|4
L97.508|9
L97.52|4
L97.814|2
L97.91|9
L98.0|7
L98.423|6
L98.493|8
L98.495|7
M00.0|3
M00.169|2
M00.252|7
M00.269|8
M00.81|6
M00.84|4
M00.859|7
M01.X32|5
M02.10|8
M02.13|5
M02.169|4
M02.221|8
M02.262|7
M02.30|5
M02.322|2
M02.361|10
M02.821|5
M02.879|8
M02.88|3
M05.131|4
M05.151|7
M05.3|9
M05.30|7
M05.419|10
M05.519|1
M05.522|8
M05.529|10
M05.532|6
M05.611|8
M06.00|9
M06.349|2
M06.839|9
M07.63|9
M07.651|1
M07.652|2
M08.08|5
M08.212|9
M08.222|1
M08.229|4
M08.431|4
M08.44|1
M08.472|2
M08.81|1
M08.811|5
M08.821|8
M08.971|8
M10.049|5
M10.37|7
M10.42|9
M10.462|1
M11.0|1
M11.132|6
M11.271|10
M11.831|8
M12.079|5
M12.11|5
M12.149|9
M12.25|3
M12.312|8
M12.32|9
M12.371|8
M12.4|10
M12.42|10
M12.43|2
M12.462|2
M12.549|1
M12.81|4
M12.832|7
M12.89|8
M13.13|9
M13.152|5
M14.662|6
M14.67|10
M14.829|6
M16.7|4
M19.139|8
M19.141|4
M19.172|1
M19.239|2
M1A.00X1|8
M1A.0211|8
M1A.061|8
M1A.07|10
M1A.10X0|10
M1A.122|5
M1A.14|10
M1A.1491|7
M1A.18X1|4
M1A.2521|2
M1A.2591|3
M1A.26|2
M1A.2790|4
M1A.28X0|8
M1A.29X1|2
M1A.30|7
M1A.3621|9
M1A.40|1
M1A.439|7
M1A.48|3
M20.029|5
M20.09|5
M21.059|9
M21.179|8
M21.212|8
M21.261|9
M21.619|1
M21.83|9
M21.929|10
M21.942|4
M22.91|6
M23.001|3
M23.21|6
M23.332|6
M23.349|8
M23.35|2
M24.032|7
M24.08|7
M24.12|6
M24.276|8
M24.311|7
M24.371|2
M24.4|10
M24.462|1
M24.471|4
M24.479|7
M24.532|8
M24.611|6
M24.872|1
M24.89|5
M25.012|8
M25.071|1
M25.122|10
M25.139|4
M25.175|6
M25.221|6
M25.34|5
M25.422|4
M25.611|9
M25.642|6
M25.661|8
M26.211|8
M26.221|2
M26.53|8
M26.60|5
M27.0|6
M27.63|2
M32.0|8
M32.12|6
M32.9|7
M33.09|5
M34.0|6
M35.0|3
M35.89|6
M36.0|9
M40.03|1
M40.4|3
M41.03|6
M41.11|8
M41.126|9
M41.127|6
M41.20|1
M41.41|2
M41.44|7
M41.56|2
M43.05|6
M43.06|2
M43.25|9
M46.35|8
M46.43|1
M46.46|8
M46.87|3
M47.0|5
M47.815|4
M48.0|10
M48.13|5
M48.23|7
M48.40XA|6
M48.43XD|6
M48.47XG|7
M48.48XA|4
M48.50XA|6
M48.52XD|9
M48.53XD|4
M48.58XA|9
M48.8|7
M48.8X4|3
M48.8X8|2
M50.81|3
M50.91|10
M51.04|6
M51.4|7
M51.87|6
M53.2X9|9
M53.8|10
M53.83|6
M54.01|6
M54.09|6
M60.142|9
M60.171|1
M60.229|4
M60.272|4
M60.851|10
M60.852|7
M60.861|8
M61.07|4
M61.15|3
M61.151|8
M61.177|1
M61.19|6
M61.351|10
M61.359|8
M61.43|9
M61.442|1
M61.472|9
M61.561|1
M62.02|1
M62.05|6
M62.062|1
M62.13|7
M62.131|5
M62.139|9
M62.142|6
M62.179|5
M62.279|3
M62.40|9
M62.411|10
M62.461|10
M62.479|1
M62.531|6
M62.82|2
M63.869|3
M65.022|8
M65.111|1
M65.819|6
M65.852|4
M66.0|10
M66.173|3
M66.26|4
M66.359|5
M66.38|3
M66.861|7
M67.261|5
M67.351|10
M67.442|1
M67.451|5
M67.46|7
M67.48|8
M67.862|6
M67.88|1
M67.94|8
M70.031|4
M70.822|8
M70.922|6
M70.942|10
M71.019|4
M71.071|10
M71.159|8
M71.3|2
M71.311|10
M71.539|6
M71.549|2
M71.8|10
M71.812|6
M71.822|6
M71.849|6
M75.21|4
M75.41|10
M76.892|6
M77.31|3
M79.18|7
M79.606|10
M79.672|10
M80.00XP|1
M80.032D|9
M80.052D|8
M80.059K|10
M80.062S|6
M80.069A|6
M80.07|1
M80.072|3
M80.08XS|8
M80.0AXS|10
M80.812S|9
M80.829|10
M80.831D|1
M80.832D|5
M80.849D|2
M80.872K|4
M80.879|3
M84.311|8
M84.319A|7
M84.321D|8
M84.322G|10
M84.329G|6
M84.332A|1
M84.350P|2
M84.359A|9
M84.369K|2
M84.373|6
M84.376A|10
M84.376P|5
M84.419D|3
M84.419G|10
M84.421D|8
M84.433P|3
M84.434A|5
M84.439S|8
M84.444|3
M84.444A|9
M84.444P|5
M84.445P|1
M84.451|10
M84.452D|4
M84.452K|4
M84.472K|8
M84.474G|7
M84.478S|1
M84.5|6
M84.50XD|3
M84.511G|10
M84.519S|10
M84.53|6
M84.532G|2
M84.533|8
M84.551P|8
M84.562A|6
M84.563P|10
M84.571S|5
M84.60XS|9
M84.651G|10
M84.652P|6
M84.663D|5
M84.669S|5
M84.673G|10
M84.675A|3
M84.68XD|4
M84.753K|2
M84.755G|4
M84.758|1
M84.758S|7
M85.031|8
M85.142|1
M85.32|4
M85.331|3
M85.37|7
M85.412|1
M85.419|4
M85.42|6
M85.47|1
M85.519|2
M85.59|9
M85.9|6
M86.019|8
M86.03|8
M86.079|4
M86.13|7
M86.271|7
M86.372|4
M86.4|8
M86.44|4
M86.441|2
M86.6|8
M87.029|7
M87.043|7
M87.064|10
M87.17|4
M87.171|3
M87.173|10
M87.180|7
M87.239|6
M87.256|3
M87.278|8
M87.29|8
M87.337|2
M87.837|10
M87.879|6
M88.1|7
M88.8|3
M88.822|3
M88.86|6
M88.862|8
M89.051|8
M89.154|6
M89.319|2
M89.339|8
M89.342|4
M89.461|8
M89.471|9
M89.51|9
M89.731|4
M89.8X0|7
M89.8X8|4
M90.52|6
M90.541|9
M90.632|1
M90.811|9
M90.831|2
M90.859|1
M93.0|9
M93.21|10
M93.279|9
M93.86|9
M93.90|6
M93.949|4
M94.359|10
M96.3|1
M96.622|8
M96.662|7
M97.01|1
M97.01XA|5
M97.01XS|2
M97.21|2
M99.10|8
M99.11|3
M99.13|7
M99.20|5
M99.42|7
M99.64|6
M99.86|6
N00.8|4
N01.5|5
N02.2|4
N04.8|2
N05.8|8
N06.0|9
N07.6|8
N11.1|6
N13.39|2
N28.89|3
N30.01|2
N31.8|2
N31.9|8
N32.9|9
N35.021|2
N35.028|4
N35.912|5
N39.3|2
N39.49|2
N46.0|5
N46.023|9
N46.121|9
N48.3|3
N48.31|3
N48.83|1
N52.0|6
N60.19|6
N60.31|4
N60.8|5
N60.91|9
N64.1|5
N64.51|2
N70.03|3
N73.0|1
N76.81|9
N76.89|4
N77.0|10
N81.89|2
N83.522|1
N85.6|7
N94.4|3
N94.810|6
N97.8|8
N98.3|1
O00.2|5
O01.0|3
O02.1|4
O03.35|9
O03.37|10
O03.85|5
O03.88|6
O07.30|1
O08.8|5
O08.89|10
O09.511|7
O09.73|7
O09.891|6
O09.893|9
O10.013|5
O10.111|5
O12.05|9
O12.22|7
O14.14|2
O14.15|3
O14.9|6
O21.8|5
O23.10|5
O23.42|4
O23.511|1
O23.90|2
O24.9|6
O26.20|5
O26.4|2
O26.53|4
O26.713|5
O26.812|3
O29.0|2
O29.119|8
O29.3X9|6
O30.019|4
O30.092|6
O30.12|3
O31.00X0|9
O31.03|1
O31.11X3|4
O31.22X3|10
O31.23X3|5
O31.30X5|4
O31.31X9|4
O31.33X0|9
O31.8X|5
O31.8X33|5
O31.8X95|2
O32.0|7
O32.9XX2|7
O33.3XX9|5
O33.4XX5|7
O33.7XX0|5
O34.1|4
O34.29|8
O34.90|10
O35.2XX0|6
O35.7XX0|7
O36.01|10
O36.011|5
O36.0111|10
O36.0133|1
O36.0920|9
O36.0924|6
O36.099|5
O36.1114|5
O36.1911|7
O36.1913|9
O36.1934|9
O36.20X0|9
O36.20X5|5
O36.5|7
O36.5110|9
O36.5925|3
O36.593|4
O36.6|7
O36.61X5|2
O36.62X1|10
O36.71|9
O36.73X3|6
O36.80X0|6
O36.8233|4
O36.8234|6
O36.8323|1
O36.891|2
O36.8922|3
O36.8930|1
O36.8994|1
O36.90X9|1
O36.91X3|7
O36.92|5
O36.92X3|4
O40.2XX4|9
O40.3XX3|2
O41.01X4|8
O41.03X0|9
O41.1491|4
O41.8X1|8
O41.91X3|8
O41.91X9|10
O41.92X3|7
O41.92X4|5
O42.019|8
O43.192|1
O43.2|7
O43.9|3
O44.31|6
O44.51|4
O45.019|4
O45.8X1|10
O46.00|2
O46.01|9
O46.019|10
O46.021|10
O46.022|3
O46.8X9|9
O47.02|7
O48.0|3
O60.22X4|10
O62.1|9
O62.8|8
O64.0XX1|5
O64.5XX2|6
O64.5XX5|2
O66.5|8
O66.6|3
O71.0|1
O71.4|2
O71.5|6
O73.0|5
O86.20|4
O86.4|1
O88.1|10
O88.13|8
O88.21|10
O88.22|10
O88.311|1
O88.313|5
O89.0|6
O92.11|4
O92.12|8
O98.03|10
O98.23|1
O98.411|8
O98.43|4
O98.819|5
O99.322|3
O99.344|6
O99.419|1
O99.513|6
O99.619|6
O99.72|5
O99.810|8
O99.840|7
P00.6|7
P02.29|4
P03.81|1
P05.03|1
P05.15|3
P07.01|7
P07.14|10
P07.18|10
P07.36|1
P13.8|2
P14.1|7
P15.9|10
P27.0|7
P28.19|3
P39.0|1
P50.5|9
P59.9|10
P61.8|1
P71.0|2
P74.0|1
P77.9|3
P91.811|7
P91.823|7
P93.8|10
P96.81|5
Q04.1|6
Q10.0|1
Q14.9|6
Q17.8|2
Q21.1|6
Q22.8|8
Q23.2|1
Q24.5|8
Q25.3|10
Q25.42|2
Q25.43|9
Q26.9|8
Q27.33|5
Q30.9|4
Q31.2|5
Q32.0|6
Q37.9|6
Q38.2|7
Q39.1|8
Q41.8|4
Q45.2|4
Q50.6|3
Q52.124|5
Q54.0|9
Q56.0|9
Q62.4|9
Q64.4|4
Q64.6|9
Q64.70|4
Q64.72|4
Q64.9|1
Q66.11|1
Q70.1|2
Q71.41|2
Q72.12|1
Q72.62|8
Q72.7|6
Q72.892|3
Q74.3|6
Q76.6|1
Q77.0|4
Q78.3|8
Q78.4|9
Q79.0|1
Q79.4|5
Q81.1|9
Q87.82|10
Q96.1|4
Q96.2|6
Q99.0|2
R10.821|8
R11.11|3
R14.0|8
R14.1|7
R14.2|10
R15.0|7
R19.0|8
R19.00|1
R19.06|1
R20.0|7
R20.3|7
R29.89|9
R31.0|7
R31.2|5
R40.2112|9
R40.2144|6
R40.2320|9
R40.2331|1
R40.2424|8
R40.2443|7
R40.4|6
R41.82|5
R43.0|1
R45.0|8
R49.2|10
R49.8|6
R62.50|8
R63.0|1
R63.5|2
R68.2|9
R78.89|1
R78.9|1
R82.0|1
R82.91|8
R84.0|7
R86.1|2
R87.628|6
R87.810|7
R89.4|10
R91.1|3
R93.421|7
R94.131|6
R94.138|7
R94.31|10
R97.0|2
S00.00XS|4
S00.04|1
S00.1|2
S00.11|5
S00.202|8
S00.25|10
S00.259S|8
S00.34XD|2
S00.442|4
S00.502S|4
S00.512|10
S00.522|8
S00.531D|1
S00.56|9
S00.562S|9
S00.81XD|2
S00.97XA|10
S01.04|5
S01.109S|7
S01.141D|10
S01.142D|6
S01.21XS|9
S01.301D|3
S01.312|10
S01.331D|5
S01.352D|5
S01.402S|5
S01.511|5
S01.52|9
S01.521|6
S01.542|10
S01.95XA|2
S02.0XXG|1
S02.109A|2
S02.113G|9
S02.11AB|5
S02.11AK|10
S02.11BD|3
S02.11FK|7
S02.121B|7
S02.122D|10
S02.31XB|2
S02.400K|2
S02.401S|1
S02.40CA|4
S02.40CS|9
S02.40D|3
S02.40E|2
S02.40ED|4
S02.5XXA|1
S02.601|10
S02.611D|1
S02.620K|7
S02.621A|8
S02.622|2
S02.622K|6
S02.641|9
S02.650D|8
S02.66|9
S02.670A|6
S02.81XS|10
S02.82XA|6
S02.839B|1
S02.842K|4
S02.849G|5
S02.9|9
S03.1XXD|1
S03.41XD|9
S04.019A|3
S04.032S|7
S04.042D|8
S04.70XD|6
S04.81|8
S04.892S|9
S04.899|7
S05.21XA|6
S05.22XA|9
S05.31XA|1
S05.50XA|6
S05.51|8
S05.60XS|9
S05.70XD|2
S05.72XD|3
S05.8X1D|7
S05.8X2A|6
S06.0X9A|8
S06.1X4A|10
S06.1X5D|7
S06.1X7|7
S06.2X|2
S06.2X4A|3
S06.2X8|6
S06.303A|6
S06.304D|10
S06.314D|8
S06.318|2
S06.321S|9
S06.322|3
S06.322A|8
S06.331|1
S06.331D|1
S06.333S|9
S06.337A|1
S06.342S|2
S06.353A|6
S06.361|5
S06.362|2
S06.362A|3
S06.365D|5
S06.369A|2
S06.374D|9
S06.385S|5
S06.5X2D|6
S06.6X0S|9
S06.6X6D|8
S06.810A|10
S06.815S|9
S06.816A|8
S06.820|4
S06.823S|2
S06.829A|3
S06.895D|5
S06.9X1D|5
S06.A1|7
S07.8XXA|2
S08.12|4
S08.121D|6
S09.12XD|1
S09.12XS|8
S09.21XS|8
S09.302D|6
S09.399S|2
S10.17XD|10
S10.92XD|3
S11.02|10
S11.025|1
S11.032A|8
S11.034|1
S11.85|3
S11.92|5
S11.94XS|2
S11.95XD|3
S12.01XD|1
S12.031S|6
S12.041|3
S12.100S|3
S12.101G|5
S12.110B|8
S12.110D|3
S12.12|2
S12.120|2
S12.150D|5
S12.200K|7
S12.201K|9
S12.34XA|10
S12.34XS|10
S12.390B|10
S12.390G|5
S12.391A|5
S12.391G|4
S12.40|5
S12.430G|6
S12.45|2
S12.500D|4
S12.500S|10
S12.501A|1
S12.530G|6
S12.590B|7
S12.631A|9
S12.631K|4
S12.650K|9
S12.690D|7
S13.101A|3
S13.180D|4
S13.8XXA|5
S13.9|3
S14.103|3
S14.115A|4
S14.12|4
S14.126A|9
S14.142A|1
S14.142S|10
S14.145S|5
S14.146S|10
S14.156A|3
S14.156D|3
S14.2XXS|4
S14.5XXD|4
S15.0|10
S15.012S|3
S15.022|5
S15.119|2
S15.202D|8
S15.211D|6
S15.311A|3
S15.311D|6
S15.319S|8
S15.322S|3
S15.329D|1
S16.8|2
S19.83XS|10
S20.00|3
S20.101|4
S20.101S|5
S20.102D|9
S20.122|10
S20.129A|6
S20.142D|9
S20.169A|8
S20.171|8
S20.179D|5
S20.219D|8
S20.302|6
S20.302S|8
S20.309|7
S20.309D|3
S20.312|4
S20.319S|10
S20.349S|8
S20.353|4
S20.354|10
S20.361S|8
S20.362S|1
S20.449S|4
S20.45|5
S20.90XS|9
S20.94XD|6
S20.97XS|2
S21.009D|5
S21.012|6
S21.012S|3
S21.022A|10
S21.109S|2
S21.111|6
S21.111D|2
S21.131D|4
S21.131S|9
S21.142A|4
S21.149D|8
S21.219|7
S21.301|9
S21.301A|4
S21.302|2
S21.312D|4
S21.339S|3
S21.352S|9
S21.411A|6
S21.419A|10
S21.419S|10
S21.42|5
S21.421A|1
S21.421S|9
S21.441S|7
S21.91|5
S22.00|9
S22.001D|6
S22.011|6
S22.019B|3
S22.021|5
S22.029S|1
S22.030B|6
S22.040A|9
S22.041D|1
S22.048|10
S22.049K|3
S22.051K|1
S22.052S|4
S22.058|1
S22.059B|9
S22.068G|9
S22.070D|9
S22.070G|10
S22.070K|5
S22.078S|8
S22.080S|10
S22.089K|3
S22.089S|4
S22.21XS|9
S22.22XK|6
S22.24XG|9
S22.3|10
S22.32XA|7
S22.41XG|3
S22.43XB|4
S23.0|8
S23.132S|3
S23.140|4
S23.15|5
S23.151S|4
S23.29XA|1
S23.3XXD|5
S23.421S|8
S24.101A|5
S24.109D|4
S24.111|4
S24.112D|7
S24.131A|4
S24.133A|7
S24.14|1
S24.149A|6
S24.159|5
S24.3XXA|4
S25.00XD|7
S25.01|6
S25.112A|4
S25.112D|4
S25.112S|7
S25.121S|8
S25.122|2
S25.2|7
S25.21|1
S25.399A|8
S25.412S|4
S25.509D|1
S25.802A|5
S25.809|6
S25.892S|4
S25.90XS|4
S27.302|4
S27.399A|9
S27.411|5
S27.42|7
S27.59XS|9
S27.6|10
S27.63XA|4
S27.809A|7
S27.893A|9
S28.1XXS|3
S28.2|8
S28.219|3
S29.021|6
S29.021A|1
S29.091D|2
S29.8XXD|4
S30.0XXS|4
S30.812S|1
S30.821S|1
S30.826D|8
S30.840D|8
S30.841|4
S30.843S|7
S30.846A|10
S30.85|8
S30.855D|4
S30.870|5
S30.871|9
S30.872S|6
S30.876|9
S30.92XA|6
S31.050S|7
S31.105A|5
S31.110S|1
S31.12|6
S31.124D|7
S31.133S|2
S31.134|3
S31.141A|8
S31.30XS|2
S31.31|8
S31.43XA|2
S31.511|3
S31.552|2
S31.610A|1
S31.612S|2
S31.615D|5
S31.642D|3
S31.643S|9
S31.649A|5
S31.650D|1
S31.651A|4
S31.652S|10
S31.654A|3
S31.659S|7
S31.801|8
S31.803A|7
S31.809D|2
S31.81|7
S31.835A|7
S32.001|9
S32.032A|9
S32.032B|9
S32.039A|8
S32.040D|2
S32.041|4
S32.041G|8
S32.042K|5
S32.052G|4
S32.059|10
S32.059D|1
S32.112D|3
S32.119S|8
S32.120S|10
S32.121G|9
S32.14XA|10
S32.16XA|9
S32.17XS|8
S32.302B|5
S32.314A|1
S32.315D|7
S32.316B|5
S32.411S|6
S32.412|7
S32.415D|7
S32.423A|6
S32.423B|5
S32.432B|5
S32.441B|4
S32.442A|10
S32.443A|2
S32.444A|8
S32.444S|2
S32.446K|8
S32.451A|5
S32.462B|5
S32.463|7
S32.466A|4
S32.473S|7
S32.482S|9
S32.484K|1
S32.485K|1
S32.486D|8
S32.491K|4
S32.492D|6
S32.609A|4
S32.609B|1
S32.609S|10
S32.613G|3
S32.615|9
S32.615B|6
S32.615K|4
S32.691A|7
S32.81|10
S32.811K|10
S32.9XXA|1
S33.101S|3
S33.110S|10
S33.121|8
S33.121S|2
S33.130|8
S34.102S|8
S34.103D|4
S34.109A|5
S34.113D|8
S34.115S|4
S34.4XXS|3
S34.5XXD|2
S35.00XD|2
S35.02XA|1
S35.11XA|3
S35.12XD|3
S35.238D|1
S35.338|3
S35.341A|1
S35.416|7
S35.492A|3
S35.532|5
S35.535S|7
S35.536D|5
S35.59|2
S35.8X1|9
S36.020S|8
S36.032S|10
S36.039S|8
S36.11|4
S36.116|3
S36.13XA|2
S36.202D|9
S36.222D|4
S36.240S|2
S36.259A|9
S36.260D|5
S36.261|2
S36.30XS|1
S36.400A|9
S36.409D|5
S36.420|5
S36.430|4
S36.499D|7
S36.500A|1
S36.501D|3
S36.510D|5
S36.513S|10
S36.522S|3
S36.591|10
S36.61XD|8
S36.63XD|7
S36.893|6
S36.893A|8
S36.893S|5
S36.898D|5
S36.92|8
S36.93XD|8
S37.042A|6
S37.091D|6
S37.099A|10
S37.22|1
S37.30XA|1
S37.32XD|3
S37.402S|2
S37.431A|1
S37.511S|2
S37.519S|3
S37.52|3
S37.62XA|8
S37.818D|4
S37.893D|10
S37.92|10
S38.001S|8
S38.002S|9
S39.81XS|3
S39.83XA|4
S39.848S|7
S39.91|5
S39.93XS|1
S39.94XS|2
S40.029S|3
S40.222D|6
S40.241A|10
S40.242A|1
S40.269D|8
S40.269S|8
S40.821|7
S40.822D|1
S40.851|6
S40.851S|1
S41.001|7
S41.009D|1
S41.01|4
S41.019S|2
S41.029A|3
S41.051|7
S41.052S|10
S41.059|10
S41.109A|5
S41.112S|8
S41.142S|2
S42.009K|3
S42.011S|8
S42.012B|3
S42.015D|3
S42.017G|10
S42.018G|5
S42.024A|6
S42.036G|9
S42.036P|1
S42.102D|5
S42.109G|9
S42.109K|2
S42.112P|10
S42.113|10
S42.122G|10
S42.122K|8
S42.124S|3
S42.125P|10
S42.13|8
S42.143K|7
S42.143S|3
S42.152|8
S42.155P|7
S42.156K|6
S42.156P|8
S42.192S|4
S42.209A|10
S42.211A|9
S42.211B|6
S42.211S|1
S42.213P|10
S42.215|3
S42.225B|2
S42.232|9
S42.242P|6
S42.249G|9
S42.249K|3
S42.249S|4
S42.251|7
S42.256G|9
S42.26|4
S42.264A|1
S42.264G|8
S42.264P|1
S42.271G|10
S42.279G|7
S42.293K|2
S42.312G|10
S42.322P|4
S42.324A|6
S42.325|1
S42.325K|7
S42.345|10
S42.345D|5
S42.345G|3
S42.353A|2
S42.353B|4
S42.354|9
S42.362D|1
S42.362P|2
S42.363P|7
S42.363S|4
S42.392|5
S42.402D|6
S42.411A|1
S42.413A|5
S42.413S|7
S42.415A|9
S42.416D|9
S42.416S|8
S42.421A|5
S42.421S|3
S42.422P|7
S42.424P|6
S42.426G|4
S42.432P|8
S42.433B|3
S42.435G|3
S42.436K|6
S42.441A|9
S42.441K|8
S42.441P|6
S42.442B|3
S42.444S|1
S42.449G|9
S42.449P|2
S42.452S|5
S42.461G|10
S42.473K|8
S42.474|1
S42.474B|1
S42.491P|7
S42.494B|6
S42.9|7
S42.91XA|6
S42.91XD|2
S43.006A|7
S43.026D|7
S43.032S|5
S43.035|7
S43.036|10
S43.083S|4
S43.084|1
S43.109D|8
S43.111A|4
S43.129A|8
S43.139A|9
S43.151D|2
S43.159A|2
S43.202D|4
S43.221D|4
S43.223D|1
S43.302|6
S43.304|8
S43.314D|6
S43.39|1
S43.393D|4
S43.394A|3
S43.396A|7
S44.00XA|7
S44.01XS|5
S44.40XA|8
S44.41|9
S44.8X1D|6
S45.191D|7
S45.191S|9
S45.192D|6
S45.212S|3
S45.219A|7
S45.292A|8
S45.30|3
S45.811|8
S45.999S|6
S46.011A|1
S46.012|3
S46.109S|1
S46.112S|1
S46.119S|1
S46.121A|5
S46.192S|3
S46.221|2
S46.229A|10
S46.311A|9
S46.819|9
S46.822A|10
S46.829D|6
S46.899|5
S46.901|6
S46.901D|10
S46.909D|8
S46.911|5
S46.999A|9
S47.2|8
S48.0|1
S48.01|10
S48.012|7
S48.019A|10
S48.022D|9
S48.029D|8
S48.121D|3
S48.911|7
S49.002|10
S49.009A|1
S49.009G|10
S49.012S|1
S49.019S|10
S49.022|10
S49.029A|6
S49.042S|3
S49.091D|9
S49.10|9
S49.102K|7
S49.111|7
S49.111A|8
S49.112K|7
S49.121|9
S49.122P|5
S49.129S|10
S49.132P|2
S49.139A|1
S49.191|7
S49.199P|6
S49.82XD|1
S50.10|5
S50.322D|1
S50.811S|9
S50.821D|4
S50.822S|3
S50.829|8
S50.841S|8
S50.859A|1
S50.861S|10
S50.862|9
S50.862D|2
S50.901D|8
S50.919|3
S51.009A|5
S51.012A|4
S51.032D|5
S51.039A|7
S51.041|3
S51.802A|1
S51.821S|8
S51.831S|9
S51.839A|6
S51.852|10
S52.002A|4
S52.002H|4
S52.009F|3
S52.009J|2
S52.012A|4
S52.022N|4
S52.023N|3
S52.024F|6
S52.025S|6
S52.026E|8
S52.026F|7
S52.026G|6
S52.026P|9
S52.031Q|8
S52.033C|2
S52.034E|4
S52.034R|10
S52.034S|7
S52.035|7
S52.036C|10
S52.036G|4
S52.041F|1
S52.041R|9
S52.044A|7
S52.044G|1
S52.044S|3
S52.045B|7
S52.045D|6
S52.092S|2
S52.101B|7
S52.101Q|4
S52.109Q|9
S52.121A|5
S52.122B|10
S52.123R|10
S52.124G|6
S52.125H|4
S52.131F|5
S52.132S|4
S52.134Q|2
S52.134S|2
S52.135H|2
S52.136Q|2
S52.136R|6
S52.181E|2
S52.181J|7
S52.189D|6
S52.201E|9
S52.201N|9
S52.211D|6
S52.219G|7
S52.221B|10
S52.222F|1
S52.222K|1
S52.224D|1
S52.224Q|4
S52.226B|2
S52.232D|5
S52.234Q|6
S52.234R|5
S52.235J|9
S52.236C|9
S52.241N|5
S52.242E|10
S52.245F|3
S52.245M|8
S52.246Q|4
S52.251D|6
S52.251M|10
S52.252C|6
S52.253D|10
S52.254R|10
S52.255K|8
S52.256A|9
S52.261E|9
S52.261P|7
S52.261R|1
S52.263D|2
S52.263E|5
S52.265C|8
S52.266A|10
S52.291S|6
S52.292A|2
S52.292D|1
S52.292K|9
S52.299S|3
S52.301S|6
S52.312P|4
S52.321B|10
S52.321J|8
S52.322K|8
S52.324C|10
S52.324J|5
S52.324Q|2
S52.333H|2
S52.334S|7
S52.335E|5
S52.341D|1
S52.341Q|4
S52.342G|8
S52.342R|2
S52.344J|1
S52.344N|8
S52.345H|2
S52.354|9
S52.355F|10
S52.361H|9
S52.361Q|5
S52.363S|8
S52.371Q|2
S52.372|6
S52.372A|9
S52.381E|8
S52.381K|2
S52.389G|7
S52.391C|6
S52.512Q|7
S52.513D|10
S52.514|6
S52.515|6
S52.515J|5
S52.516H|7
S52.516N|2
S52.521K|5
S52.542B|8
S52.549C|6
S52.551A|8
S52.551M|3
S52.551Q|5
S52.552A|1
S52.562F|7
S52.569M|2
S52.579H|1
S52.579R|7
S52.591R|6
S52.592P|4
S52.599C|3
S52.601A|9
S52.601C|2
S52.609F|7
S52.609M|5
S52.609P|8
S52.611M|2
S52.614J|3
S52.615R|9
S52.616C|6
S52.622K|3
S52.629A|1
S52.691C|8
S52.699B|9
S52.699F|2
S52.699R|4
S52.90XR|2
S52.92XR|10
S53.004A|7
S53.012A|7
S53.102|9
S53.103D|1
S53.112|4
S53.112S|10
S53.123|5
S53.124A|6
S53.141D|4
S53.192S|8
S53.31XS|1
S53.402|9
S53.409|4
S53.419|7
S53.491A|10
S53.491S|2
S53.499|2
S54.20|8
S54.20XS|9
S54.22XS|1
S54.8X9A|3
S55.00|8
S55.09|3
S55.101D|3
S55.102D|9
S55.111A|7
S55.112D|4
S55.192|4
S55.192S|8
S55.201D|10
S55.212|2
S55.212D|3
S55.292S|5
S55.801A|5
S55.891|3
S56.001|2
S56.001S|3
S56.021|1
S56.09|4
S56.092A|5
S56.099A|9
S56.099S|9
S56.107D|5
S56.116S|2
S56.12|3
S56.122S|7
S56.129D|4
S56.191D|4
S56.192S|8
S56.196D|6
S56.198A|3
S56.329A|10
S56.329D|9
S56.401A|3
S56.401S|5
S56.405A|3
S56.413D|6
S56.416|8
S56.428S|4
S56.429D|6
S56.492|9
S56.492D|1
S56.495D|8
S56.502A|1
S56.509|5
S56.511A|8
S56.809A|4
S56.819|1
S56.819S|5
S56.82|1
S56.821S|3
S56.901D|3
S56.911A|3
S56.922D|3
S56.929S|2
S56.992D|10
S57.80XA|7
S58.01|7
S58.022S|4
S58.029D|7
S58.122|5
S58.129S|8
S58.92|8
S58.921|4
S58.929|1
S58.929D|6
S59.021S|3
S59.039P|2
S59.039S|4
S59.042A|5
S59.102D|10
S59.119S|6
S59.121K|8
S59.122|2
S59.131A|5
S59.199|3
S59.211S|2
S59.212S|6
S59.232P|1
S59.242P|3
S59.811S|5
S59.919|10
S60.011D|9
S60.032D|4
S60.051A|9
S60.112A|7
S60.132|10
S60.139A|3
S60.159|3
S60.212A|7
S60.319|7
S60.329A|6
S60.362D|2
S60.399D|1
S60.414A|5
S60.414S|5
S60.421D|9
S60.425D|1
S60.445A|4
S60.446A|3
S60.447|10
S60.457D|10
S60.458|7
S60.460A|3
S60.461|4
S60.465A|5
S60.472D|10
S60.549S|1
S60.559S|8
S60.571A|3
S60.572S|8
S60.812D|3
S60.812S|8
S60.819D|5
S60.821D|5
S60.829S|7
S60.861A|5
S60.922A|5
S60.939|6
S60.945|5
S60.948A|4
S61.039D|9
S61.041|10
S61.05|5
S61.1|4
S61.102|9
S61.129A|1
S61.201S|7
S61.204S|5
S61.209D|4
S61.214|8
S61.219D|1
S61.220|4
S61.221S|1
S61.227|10
S61.241|7
S61.245D|4
S61.251S|2
S61.302A|9
S61.304A|3
S61.305S|6
S61.306A|5
S61.319|8
S61.334A|6
S61.339A|3
S61.345A|7
S61.351D|5
S61.422D|5
S61.439|10
S61.512S|2
S61.522D|4
S61.539|2
S61.541D|5
S62.00|8
S62.002B|5
S62.012K|6
S62.013|9
S62.014S|2
S62.016D|5
S62.022P|9
S62.024A|10
S62.024S|9
S62.032|9
S62.035B|8
S62.1|3
S62.102K|2
S62.111D|4
S62.111G|6
S62.121A|8
S62.122P|10
S62.126G|6
S62.131G|6
S62.134P|5
S62.146D|6
S62.146K|2
S62.154D|9
S62.154P|8
S62.161|8
S62.162G|5
S62.164K|4
S62.165D|2
S62.171|5
S62.172S|8
S62.175G|4
S62.18|2
S62.201S|8
S62.209G|2
S62.221B|2
S62.221D|2
S62.222S|6
S62.223S|8
S62.231P|5
S62.233A|9
S62.236|3
S62.236G|8
S62.243B|3
S62.246D|8
S62.252S|6
S62.255K|2
S62.299G|4
S62.302B|3
S62.304P|9
S62.307K|2
S62.308B|4
S62.308D|1
S62.311|8
S62.312G|5
S62.315S|3
S62.324P|1
S62.325|9
S62.326G|5
S62.327|7
S62.330G|4
S62.332S|2
S62.334G|6
S62.340B|9
S62.348A|4
S62.350G|6
S62.352D|2
S62.361S|3
S62.367A|7
S62.368D|8
S62.368K|4
S62.369A|6
S62.369G|9
S62.392A|4
S62.396A|4
S62.397D|7
S62.398S|3
S62.399B|3
S62.51|9
S62.511P|6
S62.601G|2
S62.601P|3
S62.602A|8
S62.602B|4
S62.603|7
S62.606B|8
S62.607A|8
S62.610P|3
S62.611G|4
S62.611P|3
S62.612D|10
S62.614D|4
S62.615B|7
S62.620K|9
S62.621G|10
S62.622A|9
S62.623A|7
S62.625D|7
S62.629S|8
S62.631P|9
S62.632A|9
S62.633|4
S62.633S|1
S62.637A|4
S62.637S|3
S62.638K|7
S62.638S|6
S62.642B|5
S62.648K|10
S62.650D|9
S62.652|4
S62.654|9
S62.656B|10
S62.660G|2
S62.664P|1
S62.667G|2
S62.90XD|3
S62.91|5
S62.91XB|10
S63.004A|10
S63.005A|7
S63.006S|1
S63.021A|8
S63.031|9
S63.032S|9
S63.033S|2
S63.034|7
S63.056S|2
S63.072S|5
S63.074A|1
S63.076D|10
S63.092A|9
S63.111D|9
S63.124S|8
S63.206|7
S63.21|1
S63.213S|4
S63.218D|8
S63.221S|10
S63.227S|9
S63.242S|10
S63.244D|6
S63.245|4
S63.252D|3
S63.255A|7
S63.265D|3
S63.277S|1
S63.278A|4
S63.284A|5
S63.290D|2
S63.299|1
S63.312A|8
S63.319|5
S63.400D|4
S63.401A|10
S63.407S|6
S63.416S|5
S63.421D|10
S63.421S|8
S63.423D|9
S63.424A|5
S63.424S|6
S63.426A|2
S63.430|9
S63.492D|5
S63.493|2
S63.529|10
S63.599D|5
S63.611S|6
S63.618|10
S63.634|8
S63.653|9
S63.689S|5
S63.699A|9
S64.00XD|1
S64.01|7
S64.11|3
S65.109A|4
S65.199S|6
S65.212|6
S65.299S|10
S65.3|1
S65.301S|10
S65.4|4
S65.401A|3
S65.402A|8
S65.411S|5
S65.502S|6
S65.505D|6
S65.506D|4
S65.507S|10
S65.519D|6
S65.595D|8
S65.599S|1
S65.901A|2
S66.029A|1
S66.1|6
S66.101|5
S66.114|3
S66.115|7
S66.122S|8
S66.129A|9
S66.190S|5
S66.212|10
S66.291S|1
S66.292S|9
S66.3|3
S66.301A|10
S66.313|7
S66.317A|2
S66.392D|2
S66.398S|5
S66.399S|5
S66.419A|7
S66.504D|9
S66.508D|5
S66.517D|7
S66.522A|7
S66.523S|10
S66.524A|9
S66.596S|8
S66.599S|7
S66.81|8
S66.811S|4
S66.819|2
S66.892|10
S66.909D|8
S66.911A|2
S66.912D|3
S66.92|6
S66.929A|9
S66.99|3
S66.991A|9
S66.999D|7
S67.0|10
S67.01XA|7
S67.191D|5
S67.192S|8
S67.196S|2
S67.20XA|8
S67.21|8
S68.111D|10
S68.113S|5
S68.116D|1
S68.120S|8
S68.121|6
S68.121A|10
S68.121D|1
S68.121S|4
S68.612A|6
S68.619S|3
S68.621|4
S68.623|10
S68.624A|9
S68.626D|5
S68.627|4
S68.711A|3
S69.81|10
S69.82XD|10
S69.91|4
S69.92XA|8
S70.2|1
S70.229A|10
S70.251D|2
S70.252D|7
S70.262A|10
S70.27|4
S70.271|8
S70.929D|7
S71.0|1
S71.011A|2
S71.021S|5
S71.029D|7
S71.109A|6
S71.112A|8
S71.139S|8
S71.159D|7
S72.00|6
S72.001Q|1
S72.001R|10
S72.011F|1
S72.012S|1
S72.023D|6
S72.023Q|7
S72.023S|6
S72.026R|4
S72.031M|6
S72.031R|2
S72.041D|7
S72.042R|10
S72.043G|8
S72.043R|9
S72.045D|10
S72.045J|8
S72.045S|5
S72.051D|7
S72.052Q|1
S72.059D|7
S72.059P|2
S72.061K|3
S72.062F|10
S72.063P|3
S72.064|7
S72.064K|2
S72.065R|8
S72.066D|1
S72.091J|1
S72.102F|6
S72.102J|8
S72.102Q|10
S72.113H|5
S72.115D|9
S72.115M|8
S72.116M|10
S72.12|6
S72.121F|1
S72.123H|7
S72.123P|7
S72.124F|2
S72.124K|8
S72.125B|7
S72.126|4
S72.132K|3
S72.134A|5
S72.134M|3
S72.135|6
S72.135S|10
S72.136H|5
S72.141B|2
S72.141M|6
S72.142G|8
S72.143J|10
S72.21XA|4
S72.21XD|7
S72.22|9
S72.23XE|7
S72.23XH|8
S72.24|1
S72.25XB|10
S72.25XE|10
S72.25XP|1
S72.26XA|4
S72.309R|1
S72.324F|4
S72.325N|10
S72.325R|3
S72.332B|7
S72.333J|9
S72.333N|7
S72.336R|10
S72.341Q|7
S72.341S|8
S72.343R|3
S72.354B|5
S72.354C|9
S72.354J|6
S72.355A|8
S72.356|7
S72.361R|8
S72.362J|3
S72.362N|1
S72.363S|6
S72.366P|2
S72.391B|3
S72.391N|2
S72.392D|3
S72.392R|1
S72.399B|3
S72.402E|10
S72.402P|10
S72.413P|4
S72.415M|4
S72.416S|7
S72.421P|3
S72.423P|6
S72.424S|3
S72.426D|10
S72.426M|2
S72.432M|2
S72.432P|5
S72.433Q|4
S72.434K|6
S72.434M|5
S72.434R|8
S72.436S|2
S72.44|1
S72.441F|8
S72.441K|7
S72.441Q|3
S72.442A|2
S72.442H|2
S72.443F|7
S72.445F|1
S72.445G|2
S72.446C|7
S72.446M|1
S72.451E|10
S72.452B|1
S72.452N|10
S72.454E|9
S72.455G|3
S72.455P|8
S72.461C|9
S72.461D|8
S72.461H|8
S72.462A|7
S72.465F|8
S72.466F|7
S72.466Q|10
S72.472G|3
S72.491H|9
S72.492D|3
S72.492F|7
S72.492M|8
S72.492S|2
S72.499J|3
S72.8X2C|10
S72.8X2D|4
S72.8X9D|8
S72.91XC|3
S72.91XD|3
S72.92XD|3
S73.004A|10
S73.012|3
S73.024A|6
S73.031D|7
S73.041D|7
S73.044A|4
S73.121A|7
S74.01XD|7
S74.10XD|1
S74.12XA|2
S74.21XD|9
S74.8X1A|3
S74.8X9S|5
S75.009|5
S75.021A|6
S75.1|9
S75.10|9
S75.102S|7
S75.109S|8
S75.121S|7
S75.199S|7
S75.219A|2
S75.811S|6
S75.999|9
S76.001A|6
S76.002A|2
S76.029|4
S76.102D|7
S76.11|9
S76.129S|3
S76.191|3
S76.312A|3
S76.322A|5
S76.892D|7
S77.12XD|9
S77.21XA|10
S77.21XS|7
S78.011|2
S78.022D|8
S78.129A|9
S78.921A|5
S79.002P|10
S79.009A|7
S79.012P|1
S79.102D|2
S79.109P|4
S79.112A|3
S79.121D|3
S79.139D|5
S79.141S|10
S79.149|2
S79.82|5
S79.821S|3
S79.921A|10
S80.211S|9
S80.229D|6
S80.242S|6
S80.272|3
S80.869|2
S80.869D|2
S80.871S|10
S81.021D|7
S81.029A|4
S81.03|8
S81.049D|1
S81.812S|8
S81.822|3
S81.831S|8
S81.85|9
S82.001E|1
S82.001G|2
S82.001K|9
S82.002N|10
S82.002Q|10
S82.011N|3
S82.012J|10
S82.012N|6
S82.014H|10
S82.014R|10
S82.015F|5
S82.015M|1
S82.015S|4
S82.016E|9
S82.022M|5
S82.024|9
S82.024S|10
S82.025C|3
S82.025Q|4
S82.026E|2
S82.026F|8
S82.032|2
S82.033E|6
S82.036N|2
S82.041J|5
S82.041N|5
S82.043D|8
S82.044E|5
S82.045E|7
S82.045K|7
S82.091B|3
S82.091K|8
S82.092N|6
S82.092P|5
S82.099J|6
S82.099M|5
S82.099S|7
S82.102E|8
S82.109C|4
S82.109H|4
S82.109S|5
S82.111P|2
S82.112R|6
S82.114E|8
S82.114N|8
S82.115|9
S82.115G|8
S82.115M|3
S82.123P|10
S82.124J|6
S82.126H|2
S82.132N|10
S82.135N|9
S82.136H|1
S82.136R|2
S82.141|10
S82.141B|2
S82.143P|2
S82.144J|6
S82.145|7
S82.152G|3
S82.152J|8
S82.154N|6
S82.155K|2
S82.155M|3
S82.155P|4
S82.155Q|10
S82.161P|3
S82.169K|3
S82.191N|10
S82.192|2
S82.192J|1
S82.199H|10
S82.199S|3
S82.20|10
S82.201D|1
S82.202P|1
S82.222S|3
S82.223D|8
S82.225C|5
S82.226|7
S82.226F|5
S82.226S|9
S82.231E|4
S82.231P|9
S82.232|4
S82.232H|4
S82.232K|1
S82.233J|2
S82.233S|2
S82.234G|5
S82.236E|1
S82.244B|6
S82.244Q|8
S82.245G|5
S82.245M|8
S82.255M|5
S82.256C|7
S82.256F|9
S82.262H|1
S82.262M|2
S82.291C|6
S82.291S|7
S82.30|9
S82.301B|2
S82.301R|2
S82.309Q|1
S82.311A|5
S82.311K|10
S82.391P|6
S82.392N|3
S82.399|2
S82.402B|8
S82.402C|1
S82.402K|3
S82.409H|10
S82.421D|1
S82.422B|2
S82.423B|6
S82.424Q|9
S82.431|6
S82.431J|7
S82.432F|2
S82.432J|9
S82.434Q|5
S82.436|10
S82.436A|10
S82.436S|6
S82.441J|2
S82.442Q|10
S82.444F|4
S82.445C|6
S82.446K|7
S82.451B|2
S82.454F|5
S82.454Q|10
S82.456R|8
S82.456S|8
S82.461Q|1
S82.463A|4
S82.464F|8
S82.465D|5
S82.491|7
S82.491E|4
S82.491M|7
S82.499D|2
S82.53XA|9
S82.53XQ|5
S82.55XJ|7
S82.56XB|8
S82.56XP|5
S82.61XQ|8
S82.63XP|3
S82.64XH|2
S82.66XG|7
S82.8|3
S82.811D|9
S82.832K|8
S82.832R|9
S82.839F|3
S82.839S|2
S82.851Q|7
S82.852N|7
S82.855B|2
S82.856A|4
S82.861E|5
S82.861K|8
S82.862M|8
S82.863H|10
S82.866D|3
S82.866F|4
S82.866P|2
S82.871G|7
S82.871R|2
S82.872|5
S82.873J|2
S82.874R|5
S82.875A|2
S82.875P|4
S82.891C|4
S82.892A|9
S82.892N|3
S82.899C|4
S82.899P|4
S82.92XE|5
S82.92XH|6
S82.92XN|5
S83.003S|5
S83.004S|8
S83.105S|5
S83.111D|6
S83.113|6
S83.136A|2
S83.200S|6
S83.201D|10
S83.207D|1
S83.22|8
S83.24|1
S83.242D|7
S83.261A|5
S83.272|7
S83.282|3
S83.401A|4
S83.402A|4
S83.411A|9
S83.512|8
S83.521D|9
S83.61XA|1
S83.62|2
S83.62XS|7
S83.8X1D|3
S84.11XS|9
S84.22|2
S85.102D|10
S85.12|6
S85.132|10
S85.142S|8
S85.149S|5
S85.151A|7
S85.159S|2
S85.219S|4
S85.401D|6
S85.49|1
S85.501A|2
S85.512S|10
S85.909S|5
S86.0|3
S86.019A|1
S86.092D|6
S86.119S|2
S86.192S|4
S86.199A|2
S86.201D|9
S86.201S|8
S86.212|8
S86.212A|8
S86.229S|6
S86.801A|2
S86.811S|9
S86.819A|2
S86.901S|4
S86.909|6
S86.912S|7
S86.992S|8
S87.01XA|2
S87.82XD|6
S88.0|9
S88.022A|10
S88.11|6
S88.111A|7
S88.121S|10
S88.91|5
S88.919|9
S88.929A|10
S89.001A|7
S89.002A|10
S89.012A|6
S89.091|8
S89.099K|6
S89.101A|10
S89.111D|5
S89.121|5
S89.121K|6
S89.121P|5
S89.122S|10
S89.129|6
S89.129P|5
S89.139D|10
S89.191K|2
S89.20|5
S89.202P|9
S89.211A|10
S89.212K|10
S89.222|3
S89.229P|2
S89.292K|1
S89.299S|1
S89.3|10
S89.302A|8
S89.321A|9
S89.329|1
S89.81XA|5
S89.91XD|10
S90.00XA|2
S90.1|6
S90.121A|2
S90.122S|9
S90.129|10
S90.219S|3
S90.221S|10
S90.30|7
S90.31XD|8
S90.32XD|2
S90.41|2
S90.422D|3
S90.423A|4
S90.446S|3
S90.455|6
S90.464A|9
S90.464S|6
S90.473|3
S90.475A|4
S90.476D|5
S90.579S|3
S90.811A|4
S90.812D|4
S90.821A|4
S90.842D|4
S90.862D|2
S90.872S|9
S90.879A|8
S90.935S|7
S91.039S|4
S91.049|8
S91.052A|5
S91.101S|7
S91.104A|6
S91.106|7
S91.114D|2
S91.126|5
S91.134S|8
S91.144A|9
S91.149S|2
S91.154D|1
S91.204|5
S91.219|4
S91.222D|1
S91.223|1
S91.232D|10
S91.239A|6
S91.25|1
S91.31|10
S92.001P|6
S92.013B|4
S92.013K|6
S92.023P|6
S92.024S|5
S92.036K|8
S92.043A|3
S92.044P|3
S92.052S|10
S92.056K|1
S92.063K|4
S92.101|5
S92.101P|9
S92.111B|9
S92.113B|7
S92.115B|1
S92.123S|9
S92.124|6
S92.126S|10
S92.135|5
S92.136B|2
S92.136K|5
S92.141B|1
S92.141D|2
S92.142G|6
S92.143|8
S92.145D|2
S92.151G|1
S92.152K|10
S92.153D|5
S92.154K|5
S92.155|2
S92.155D|4
S92.192K|6
S92.202D|9
S92.211S|7
S92.212S|9
S92.214D|2
S92.215B|3
S92.216D|4
S92.222G|1
S92.223|10
S92.224A|2
S92.225P|9
S92.231S|7
S92.232S|8
S92.233P|9
S92.234G|4
S92.235A|10
S92.236K|7
S92.241P|6
S92.246K|10
S92.254D|4
S92.3|4
S92.301B|4
S92.311G|8
S92.315B|9
S92.315G|9
S92.316P|5
S92.321K|2
S92.326P|10
S92.331D|6
S92.341|7
S92.344D|1
S92.346G|1
S92.356P|4
S92.402K|1
S92.404P|3
S92.411K|4
S92.416K|1
S92.425A|7
S92.426|3
S92.491|1
S92.492S|7
S92.499G|1
S92.501A|8
S92.504B|2
S92.505K|2
S92.506G|1
S92.513K|8
S92.514P|10
S92.524B|4
S92.525A|4
S92.525P|3
S92.531B|2
S92.591D|10
S92.592D|10
S92.592P|4
S92.901P|1
S93.103D|2
S93.106|5
S93.125A|8
S93.131|6
S93.136S|7
S93.142D|7
S93.311A|1
S93.321|4
S93.409D|5
S93.503S|5
S93.505S|7
S93.519A|2
S93.524D|5
S93.609A|2
S93.612S|8
S93.62|7
S93.622D|10
S93.622S|2
S93.629S|7
S93.691D|1
S94.00XA|4
S94.01XD|3
S95.002|8
S95.009D|6
S95.01|5
S95.192D|3
S95.892S|1
S95.902D|1
S95.911|9
S95.992D|10
S95.999S|1
S96.011A|9
S96.02|3
S96.19|3
S96.20|8
S96.201A|3
S96.201S|10
S96.212A|6
S96.801|8
S96.802D|7
S96.9|7
S96.902|10
S96.919A|10
S96.991S|5
S96.999|4
S97.109S|9
S97.112|5
S97.112A|7
S97.119S|8
S97.12|4
S97.122|7
S98.012|9
S98.229S|8
S98.912S|6
S98.919D|2
S98.922A|3
S99.002|9
S99.019D|7
S99.022A|5
S99.022K|6
S99.029|4
S99.032P|3
S99.039B|1
S99.091K|7
S99.092D|1
S99.092K|6
S99.099G|3
S99.101P|4
S99.101S|10
S99.102G|6
S99.109S|6
S99.111B|9
S99.119|3
S99.132|10
S99.191K|6
S99.192K|2
S99.192P|2
S99.199P|9
S99.201A|6
S99.229G|3
S99.232A|2
S99.292|9
S99.92|10
T07.XXXD|4
T15.00|3
T15.01XD|6
T15.12|1
T15.82|9
T15.90XD|6
T15.92|8
T16.9|2
T17.300A|7
T17.310A|10
T17.318S|6
T17.32|3
T17.408S|9
T17.41|9
T17.420D|3
T17.428A|8
T17.428D|10
T17.490D|2
T17.520D|3
T17.528D|8
T17.590|2
T17.800A|9
T17.808S|9
T17.810A|6
T17.818S|9
T17.910A|9
T18.8XXA|10
T19.2XXD|4
T19.3XXS|2
T20.011D|7
T20.012|9
T20.012S|2
T20.019S|10
T20.05|4
T20.119D|7
T20.212A|10
T20.24XS|10
T20.41|10
T20.42XD|3
T20.42XS|7
T20.511S|9
T20.52XD|1
T20.53XS|2
T20.55|9
T20.711A|8
T20.74XA|2
T21.02XA|1
T21.04|5
T21.07|9
T21.19XD|10
T21.23XS|7
T21.27XA|10
T21.29XA|8
T21.30XD|2
T21.40|9
T21.46XS|3
T21.47|8
T21.51XS|7
T21.64XD|3
T21.65|6
T21.70XA|4
T21.77|1
T22.051A|7
T22.06|7
T22.099S|2
T22.141A|3
T22.141D|5
T22.169S|3
T22.192A|4
T22.20XA|4
T22.222|5
T22.222S|3
T22.262A|4
T22.29|2
T22.311A|8
T22.312S|9
T22.329S|2
T22.341|9
T22.341A|2
T22.342A|9
T22.351|9
T22.392A|2
T22.429|1
T22.451S|1
T22.452A|7
T22.469D|9
T22.519D|8
T22.53|1
T22.541S|4
T22.552|9
T22.552S|8
T22.611S|7
T22.621S|1
T22.649|10
T22.691S|2
T22.692S|9
T22.70XS|9
T22.732D|7
T22.742D|10
T22.769A|5
T22.769D|9
T22.792S|10
T23.009|4
T23.009A|3
T23.04|7
T23.051D|7
T23.072A|2
T23.092|9
T23.122|2
T23.132S|1
T23.149A|5
T23.171D|6
T23.192|3
T23.20|1
T23.209A|7
T23.211A|2
T23.212D|2
T23.219S|6
T23.221S|7
T23.249|10
T23.251S|4
T23.302A|8
T23.351D|7
T23.352S|7
T23.379|6
T23.409D|7
T23.419D|3
T23.439D|10
T23.451A|1
T23.472D|5
T23.502S|4
T23.521A|1
T23.529|9
T23.531D|1
T23.562S|10
T23.591D|2
T23.612A|4
T23.619S|4
T23.62|4
T23.649A|2
T23.729|9
T23.751|2
T23.759S|2
T23.771|5
T23.779A|8
T23.799D|4
T24.0|10
T24.002|4
T24.009|10
T24.009D|5
T24.032|8
T24.092A|2
T24.109A|9
T24.119D|4
T24.132A|8
T24.222|2
T24.232S|3
T24.291|7
T24.292D|10
T24.312S|6
T24.422S|5
T24.429A|10
T24.429D|5
T24.439A|9
T24.502D|2
T24.509S|9
T24.522|8
T24.599A|7
T24.601|8
T24.602S|8
T24.622S|2
T24.701A|1
T24.719S|4
T24.729A|8
T24.732|6
T24.792D|9
T25.0|6
T25.031|5
T25.111D|2
T25.112|8
T25.212A|7
T25.232A|8
T25.299D|4
T25.339A|8
T25.392A|9
T25.412|5
T25.529S|2
T25.612A|1
T25.712|9
T25.739|3
T26.21XA|6
T26.22XD|1
T26.42|3
T26.42XS|10
T26.5|2
T26.52|1
T26.70XA|1
T26.72XA|7
T26.91|8
T27.0|4
T27.4XXA|2
T27.7XXA|2
T28.1XXA|4
T28.41|10
T28.411S|7
T28.412|9
T28.90XA|3
T28.90XS|5
T31.40|2
T31.60|4
T32.44|10
T32.75|8
T32.8|2
T33.02XS|6
T33.511|4
T33.519S|3
T33.61XA|9
T34.2XXD|2
T34.519|4
T34.519A|5
T34.522D|6
T34.60XS|1
T34.819D|5
T36.0X3A|10
T36.0X5A|8
T36.1X|7
T36.2X6|1
T36.3X3A|1
T36.5X1|2
T36.5X1A|5
T36.6X2|7
T36.6X3D|6
T36.91XD|10
T36.95|5
T37.0|3
T37.1X3A|4
T37.1X4|3
T37.1X4S|6
T37.2X1A|3
T37.3X1A|3
T37.4X1|6
T37.5X1|4
T37.8X|1
T37.8X4A|6
T38.0X1D|8
T38.1X2A|7
T38.1X3S|10
T38.2X3S|8
T38.2X6A|10
T38.3X1A|10
T38.3X1D|1
T38.3X2|7
T38.3X2S|5
T38.4X|9
T38.5X3A|3
T38.6X6|7
T38.7X2A|9
T38.7X2D|10
T38.7X5D|10
T38.806A|3
T38.813D|5
T38.891D|2
T38.903A|1
T38.995A|10
T39.015A|7
T39.095S|1
T39.1|7
T39.2|8
T39.2X2D|3
T39.2X5S|10
T39.311S|9
T39.316S|8
T39.395A|6
T39.91XS|10
T40.0X4S|8
T40.1X2A|9
T40.2X2D|1
T40.2X2S|1
T40.2X3A|8
T40.2X3D|1
T40.2X4|8
T40.2X4D|7
T40.3X2|10
T40.3X6|1
T40.412A|6
T40.412D|7
T40.42|3
T40.424A|4
T40.426A|2
T40.492S|6
T40.5X6|4
T40.5X6D|10
T40.602S|1
T40.605D|4
T40.696|4
T40.712|3
T40.721|2
T40.723S|9
T40.904|1
T40.905S|5
T40.992|10
T40.992S|7
T40.993A|2
T41.1X2A|4
T41.1X5A|6
T41.293|9
T41.3X3S|10
T41.44XA|9
T41.5X|5
T41.5X4S|4
T42.0X2A|2
T42.1X2S|7
T42.2X5A|2
T42.3X1A|4
T42.4X5A|1
T42.5X3A|8
T42.71XS|10
T42.72XA|4
T43.012|2
T43.012A|1
T43.012D|7
T43.016D|5
T43.021A|4
T43.1X1D|8
T43.205S|4
T43.213D|5
T43.214D|2
T43.3X2A|2
T43.3X6|2
T43.4X2A|4
T43.4X3|5
T43.4X5A|7
T43.503A|6
T43.504|2
T43.593S|6
T43.633|1
T43.693S|9
T43.8X1|7
T43.8X5D|3
T44.1X3|7
T44.1X6|7
T44.2|5
T44.2X2|7
T44.3X3A|1
T44.5X1S|5
T44.5X4A|10
T44.5X6A|6
T44.6X1S|1
T44.6X4|1
T44.6X4D|5
T44.7X5|2
T44.904D|3
T44.905D|3
T44.906S|5
T44.996|8
T45.0X5S|9
T45.1X3A|2
T45.2X1D|9
T45.2X3|5
T45.3X3D|7
T45.3X4D|7
T45.4X1|10
T45.512S|6
T45.516D|6
T45.525|3
T45.525A|9
T45.601|10
T45.602S|7
T45.603|7
T45.615D|6
T45.626S|7
T45.694|2
T45.696S|3
T45.7X4D|3
T45.8X6|2
T45.93|10
T46.1X3|2
T46.1X5A|10
T46.2X3|4
T46.2X4S|5
T46.4X2D|10
T46.4X3S|4
T46.5X1D|3
T46.5X6S|8
T46.6X|7
T46.6X3|9
T46.7X4D|9
T46.8X6|9
T47.0X1|4
T47.0X1A|3
T47.0X2S|1
T47.0X3|2
T47.2X1A|6
T47.2X2|10
T47.3X2D|8
T47.3X3|2
T47.3X3A|9
T47.5X|5
T47.5X1S|6
T47.5X2|5
T47.5X4S|5
T47.5X6S|9
T47.6X1|6
T47.6X6A|5
T47.6X6S|10
T47.7|3
T47.7X4A|10
T47.8X4D|6
T47.95|8
T48.0X4|10
T48.1X2|3
T48.203A|5
T48.204S|6
T48.3X3S|5
T48.3X6|9
T48.4X2S|4
T48.4X5A|9
T48.4X5D|2
T48.4X6|10
T48.4X6S|1
T48.5X2S|1
T48.6X5S|3
T48.901|2
T48.901S|2
T48.991A|2
T48.991S|6
T48.995|4
T49.0X2S|4
T49.0X4D|10
T49.1X6S|5
T49.2X6D|2
T49.3X2D|1
T49.3X4|8
T49.5X5|4
T49.5X6|9
T49.6X2S|8
T49.6X4|7
T49.6X6A|3
T49.7X1|2
T49.8X3A|7
T49.8X3S|1
T49.8X5S|10
T49.91XS|9
T49.94|9
T49.96XA|7
T50.0X2|2
T50.0X5|9
T50.3X6S|8
T50.4X1D|3
T50.4X6S|6
T50.5X1|6
T50.5X2A|1
T50.5X4A|10
T50.7X5S|7
T50.8X2D|1
T50.8X3|8
T50.8X3D|6
T50.8X4A|5
T50.905|2
T50.A12S|6
T50.A23A|3
T50.A25S|8
T50.A91A|9
T50.A92D|1
T50.A93A|10
T50.B1|9
T50.B12|4
T50.B95|3
T50.Z14|8
T50.Z91A|7
T50.Z91S|7
T50.Z92D|7
T51.1X|4
T51.1X1|9
T51.1X1A|5
T51.1X4|10
T51.93XS|6
T51.94XS|4
T52.1X3D|6
T52.2X3D|6
T52.3|3
T52.4X|7
T52.4X1S|4
T52.4X2S|10
T52.4X3|3
T52.8X4S|7
T53.0X3S|9
T53.2X3|1
T53.3X1S|3
T53.3X4D|8
T53.5X3A|2
T53.7X2A|4
T54.2X2S|4
T54.2X3D|3
T54.94XA|9
T55.0X|6
T56.0X1A|2
T56.0X1S|4
T56.0X4|4
T56.2X|9
T56.3X|2
T56.4X3|3
T56.813A|7
T56.892|9
T57.0X3S|1
T57.0X4|10
T57.1X4A|2
T57.3X4A|8
T57.8X4D|8
T57.94|3
T57.94XD|7
T58.0|6
T58.01XS|2
T58.2X3D|7
T58.8X2D|7
T59.0X2D|10
T59.3X3A|9
T59.3X4D|2
T59.5X|8
T59.5X2A|1
T59.6X1D|1
T59.812|7
T59.812S|10
T59.891D|9
T59.91XS|5
T60.0X3S|3
T60.0X4|3
T60.1X2A|7
T60.1X4|5
T60.2X4D|7
T60.8X3A|9
T60.8X4|5
T60.94XD|10
T61.04|6
T61.78|5
T61.782|7
T61.782D|5
T61.783D|2
T61.8X4S|6
T61.94XS|3
T62.0X1|2
T62.2X4D|3
T62.8X2S|1
T62.8X3D|5
T63.002S|3
T63.032S|4
T63.044S|3
T63.061S|2
T63.062S|6
T63.064|9
T63.064D|2
T63.073S|9
T63.081A|10
T63.083D|2
T63.094|9
T63.11|6
T63.111S|1
T63.123D|6
T63.301|3
T63.323D|3
T63.331D|2
T63.333|10
T63.432S|10
T63.453D|8
T63.481S|5
T63.484S|8
T63.591D|9
T63.623A|4
T63.631|7
T63.69|8
T63.692A|5
T63.692S|3
T63.712D|2
T63.791|9
T63.794D|9
T63.811A|8
T63.813|6
T63.822D|3
T63.83|4
T63.893|7
T63.92XS|6
T64.8|7
T64.83XS|3
T65.0X4D|1
T65.1X2|5
T65.292D|3
T65.293S|8
T65.4X2D|3
T65.5X3D|7
T65.5X3S|10
T65.6X3D|4
T65.813A|5
T65.821D|4
T65.822|2
T65.833|2
T65.89|10
T65.894|4
T65.92XS|3
T67.6XXS|5
T67.8XXA|7
T67.8XXS|3
T69.011D|5
T69.029|4
T69.8XXA|8
T71.111D|8
T71.113A|5
T71.124A|10
T71.124D|9
T71.124S|8
T71.141|4
T71.164A|10
T71.191D|1
T71.194|10
T71.194D|10
T71.29XS|2
T71.9XXS|7
T73.2|10
T74.0|5
T74.11|2
T74.11XD|8
T74.2|1
T74.31XD|2
T74.52XA|4
T74.91XD|3
T75.09XD|7
T75.4XXD|6
T76.22XS|1
T76.92XD|2
T78.05XD|3
T78.07XA|7
T78.40|2
T79.0XXA|2
T79.6XXD|8
T79.8|6
T79.8XXS|5
T79.A12A|8
T79.A19D|10
T79.A21D|4
T79.A21S|7
T80.1XXS|2
T80.2|10
T80.212D|2
T80.219S|2
T80.3|3
T80.310|4
T80.310A|10
T80.311A|3
T80.311S|8
T80.39|5
T80.52XD|7
T80.90XS|5
T80.910S|3
T80.911A|1
T80.A11|4
T81.10XA|5
T81.32XS|2
T81.42XS|9
T81.49|10
T81.504A|2
T81.508|9
T81.512S|8
T81.513D|2
T81.514A|9
T81.517A|10
T81.519D|6
T81.522D|5
T81.523|3
T81.523A|1
T81.524S|9
T81.535S|8
T81.590A|3
T81.592A|5
T81.595A|10
T81.595D|4
T81.596A|6
T81.599|10
T81.60XD|9
T81.60XS|4
T81.83XS|5
T82.119|4
T82.128D|2
T82.311D|1
T82.331A|5
T82.332D|8
T82.339S|3
T82.392|3
T82.392S|6
T82.41XS|10
T82.51|6
T82.532|4
T82.533A|5
T82.533D|9
T82.595S|8
T82.828D|10
T82.838D|2
T82.847A|10
T82.867A|2
T82.868S|9
T83.021S|10
T83.028D|6
T83.091|3
T83.092D|1
T83.110A|6
T83.121D|9
T83.121S|4
T83.123|10
T83.190A|2
T83.192D|7
T83.25|4
T83.491S|2
T83.711D|2
T83.86XD|3
T84.013A|8
T84.020|5
T84.021A|3
T84.023S|2
T84.029D|3
T84.062D|5
T84.111D|3
T84.117S|8
T84.120|3
T84.122S|6
T84.19|8
T84.190|1
T84.190S|8
T84.191|1
T84.197A|4
T84.197S|8
T84.218D|8
T84.290|4
T84.298S|3
T84.318A|7
T84.39|1
T84.52XD|10
T84.54XA|5
T84.629D|4
T84.69|3
T84.7XXS|7
T84.81|4
T84.83XD|6
T85.09XA|6
T85.112|3
T85.390D|5
T85.390S|6
T85.41|4
T85.42XA|3
T85.49XD|7
T85.518A|5
T85.590A|8
T85.6|7
T85.620A|10
T85.620D|2
T85.621S|4
T85.625A|4
T85.690|2
T85.7|4
T85.72XS|9
T85.735A|9
T85.738A|5
T85.810A|1
T85.828|5
T85.830|3
T85.850|9
T85.890|6
T85.898D|10
T85.898S|10
T86.81|8
T86.830|7
T86.8411|9
T86.8423|7
T86.858|6
T86.890|6
V00.02XA|8
V00.031A|4
V00.131A|1
V00.141|1
V00.181S|7
V00.188|4
V00.322D|3
V00.322S|1
V00.382S|5
V00.388|10
V00.388S|1
V00.811S|8
V00.898|4
V00.898S|1
V01.00XS|9
V01.03|3
V01.91|7
V02.11XS|8
V02.99XA|6
V03.02XA|10
V03.09XD|10
V03.11XA|10
V03.11XD|6
V03.938|9
V04.0|2
V04.12XS|3
V04.13|9
V04.131D|4
V04.92|10
V05.91|6
V06.02XA|7
V06.038D|7
V06.90XA|5
V06.90XD|9
V06.931A|6
V09.1XXS|10
V09.9|3
V10.1|6
V10.3XXA|9
V10.5XXA|8
V11.5|8
V14.1XXD|5
V15.0XXD|7
V16.5|1
V18.1XXD|1
V18.1XXS|9
V18.2XXD|6
V19.10|6
V19.3XXD|10
V19.4|9
V19.49|4
V19.9XXA|8
V21.0XXD|9
V21.2XXD|1
V21.4|5
V22.0XXD|7
V22.4XXS|5
V22.5XXS|2
V23.1XXS|3
V24.3XXA|1
V26.1XXA|4
V26.2XXD|6
V26.4XXA|9
V26.5|4
V28.5|1
V29.2|10
V29.20XA|7
V29.40XD|4
V29.8|6
V29.9XXS|8
V30.0|9
V31.4XXA|5
V31.5XXA|2
V31.9|10
V32.4XXS|7
V33.3XXS|5
V33.4|7
V33.6XXA|4
V33.6XXD|6
V33.7XXS|4
V34.0XXS|2
V34.1|7
V34.1XXA|4
V34.3|9
V34.4XXD|2
V34.5XXD|4
V35.5XXA|3
V35.5XXD|6
V35.7|3
V36.4XXD|5
V36.7XXS|3
V36.9XXA|4
V37.2XXA|1
V37.9|5
V38.4XXS|1
V38.7XXD|1
V38.7XXS|9
V39.00XD|1
V39.09XD|5
V39.20|10
V39.50XS|8
V41.0XXS|3
V41.7XXA|4
V43.12|10
V43.14|7
V43.2|8
V43.32|7
V43.33XA|3
V43.43XA|2
V43.43XS|8
V43.53XA|3
V43.62XS|8
V43.64XA|2
V43.72XD|5
V43.93XS|7
V44.0|2
V44.3XXA|8
V44.3XXS|10
V44.5XXA|10
V44.6XXS|6
V45.4XXS|1
V45.7XXD|10
V46.5XXA|5
V46.7XXA|9
V47.0|6
V47.4XXA|3
V47.5|1
V47.7XXA|1
V48.1XXD|1
V49.29XD|4
V49.69|6
V50.9|8
V51.0XXS|1
V51.7XXS|9
V52.0|3
V52.6|1
V53.0XXS|6
V53.2XXS|8
V53.9XXD|5
V54.0XXD|10
V54.2|10
V54.9XXA|7
V57.2|10
V57.3|6
V59.10XA|8
V60.3XXS|2
V60.6XXS|8
V60.7|2
V61.4XXA|9
V62.4XXS|10
V62.7|2
V63.2XXD|7
V63.7|5
V63.9|6
V64.6|2
V65.0|7
V65.1XXS|1
V65.5|9
V67.0XXS|9
V67.3XXA|10
V67.4XXS|3
V68.1XXD|1
V68.3XXA|7
V68.4XXS|3
V69.09XA|6
V69.2|6
V69.59XD|6
V70.0|7
V70.3XXS|8
V71.1XXS|9
V73.1XXA|10
V74.0|2
V74.2XXA|10
V75.0XXD|2
V75.7XXA|6
V76.4|1
V78.7XXA|2
V78.9XXS|4
V79.09XS|7
V79.10XS|5
V79.29XA|1
V79.88|1
V80.02XA|4
V80.1|4
V80.720S|1
V80.721|3
V80.731|4
V80.9|3
V81.3XXD|8
V81.6XXS|1
V81.83XD|9
V82.0XXD|10
V82.4XXA|7
V82.7XXD|10
V84.1XXD|9
V84.3XXD|7
V84.4XXS|2
V84.5XXS|6
V84.9XXA|9
V85.0XXS|8
V85.3XXS|2
V85.5XXD|10
V85.6XXA|3
V86.03|8
V86.03XS|3
V86.23XA|1
V86.24XA|7
V86.35XD|2
V86.36|3
V86.39XD|3
V86.43XS|5
V86.44XS|6
V86.59|4
V86.63XA|1
V86.99|2
V87.1|4
V87.7|3
V88.2XXA|5
V88.6XXS|5
V88.7XXA|6
V90.00XA|4
V90.08|7
V90.22XD|3
V90.27XS|1
V90.35|4
V91.10XA|4
V91.12XD|3
V91.16XA|2
V91.22XS|7
V91.30XA|10
V91.31XD|10
V91.35|6
V91.37|7
V91.38XA|8
V91.39XD|10
V91.8|2
V92.12XD|10
V92.15|4
V92.23|3
V92.29|5
V93.33XA|9
V93.35XD|4
V93.83XA|2
V93.87XS|4
V94.21XA|8
V94.22XD|4
V94.31XS|6
V94.811|2
V95.12XA|8
V95.21XS|9
V95.40XD|2
V95.8XXD|5
V96.00|1
V96.05|3
V96.11XA|4
V96.13XA|4
V96.19XA|1
V96.9XXA|9
V97.29XS|4
V97.32XA|9
V97.33XA|3
W00.9|5
W01.10|7
W01.11|5
W01.19|9
W03.XXXD|9
W05.0XXA|6
W11.XXXD|6
W13.9XXD|5
W16.021A|1
W16.131S|9
W16.132S|10
W16.221A|6
W16.32|6
W16.41XS|6
W16.511D|9
W16.521S|10
W16.531A|9
W16.611D|6
W16.712D|4
W16.832S|8
W17.3XXA|2
W17.4XXD|7
W18.09XS|10
W18.12XA|3
W18.41|4
W20.0XXA|6
W21.06XA|1
W21.3|3
W21.32XS|10
W22.1|6
W25.XXXS|7
W26.0XXD|1
W27.4XXA|6
W28.XXXA|8
W28.XXXS|6
W29.4XXA|7
W30.1XXD|5
W30.8|1
W31.0XXA|3
W31.2XXS|7
W31.89|3
W32.0XXA|7
W33.10XA|1
W34.011A|1
W34.09XS|10
W34.19XA|5
W34.19XD|5
W36.3XXA|2
W40.0XXS|9
W42.0|6
W46.1XXD|5
W49.02|2
W49.03XS|10
W50.3XXD|10
W53.29XA|7
W54.8XXD|8
W55.01XS|9
W55.03|2
W55.41XD|4
W56.11XD|7
W56.59|9
W58.03XD|4
W58.11XD|7
W58.19XS|7
W59.19|2
W61.01|2
W61.09XD|3
W61.11|3
W61.22XS|10
W61.42|6
W61.69XA|8
W65.XXXD|2
W74.XXXA|4
W86.1XXA|2
W88.0XXS|4
W89.1XXD|7
W89.9|9
W90.0XXS|5
W90.1|2
W93.02XD|1
W93.11XD|2
W94.12XS|10
W94.32XD|9
W94.32XS|10
W94.39|1
W94.39XA|1
X00.1XXA|10
X00.5XXA|5
X00.5XXD|5
X02.3XXD|6
X02.3XXS|3
X06.1XXS|1
X08.00|2
X08.20XA|4
X10.0XXS|8
X11.1XXS|2
X13.0XXA|6
X15.8|1
X16.XXXS|9
X37.41XS|10
X37.42XA|2
X50.1XXD|3
X58.XXXS|3
X73.2XXS|5
X74.9XXD|7
X78.8XXD|4
X79.XXXD|5
X83.2XXS|5
X93.XXXA|8
X94.1XXA|1
X95.01XA|1
X95.02|7
X98.0XXD|5
X98.2XXD|8
X98.3XXD|8
Y02.1XXS|4
Y04.1XXS|6
Y07.432|10
Y07.491|1
Y07.521|9
Y08.01XA|1
Y08.01XS|10
Y21.8XXA|7
Y21.9XXD|10
Y24.8XXS|10
Y27.3XXD|10
Y28.0XXS|8
Y31.XXXS|8
Y35.011D|1
Y35.013|8
Y35.033S|8
Y35.049|3
Y35.049D|8
Y35.091|7
Y35.112S|10
Y35.119A|2
Y35.199|9
Y35.202A|8
Y35.211A|9
Y35.293D|2
Y35.309|5
Y35.313|3
Y35.391S|1
Y35.409S|9
Y35.491|3
Y35.493S|3
Y35.812S|8
Y35.832|1
Y35.9|10
Y35.93|2
Y36.091S|3
Y36.100S|6
Y36.121A|9
Y36.13|1
Y36.14|10
Y36.141A|3
Y36.220S|8
Y36.250D|9
Y36.261S|3
Y36.27|1
Y36.290|7
Y36.301A|8
Y36.320D|3
Y36.331|9
Y36.411|6
Y36.441S|6
Y36.471S|3
Y36.501|5
Y36.520D|7
Y36.541A|3
Y36.590S|1
Y36.7X0|10
Y36.7X1|1
Y36.891S|1
Y36.90|4
Y37.001S|1
Y37.020|7
Y37.040D|8
Y37.091D|2
Y37.190A|3
Y37.191D|2
Y37.220D|2
Y37.23|10
Y37.241S|5
Y37.311D|10
Y37.321S|3
Y37.330D|3
Y37.331|3
Y37.430D|8
Y37.431D|4
Y37.461A|1
Y37.461D|5
Y37.47|9
Y37.471S|1
Y37.490S|6
Y37.501|5
Y37.6X1D|2
Y37.92XS|2
Y38.0X3S|9
Y38.1X1D|1
Y38.2X3|5
Y38.3X1|5
Y38.6|5
Y38.7X3A|8
Y38.80XD|7
Y38.812S|5
Y38.891|6
Y63.3|4
Y64.1|3
Y70.8|2
Y72.0|1
Y73.0|5
Y73.3|6
Y74.0|1
Y92.01|10
Y92.012|6
Y92.031|8
Y92.040|10
Y92.138|1
Y92.157|8
Y92.210|4
Y92.215|6
Y92.219|3
Y92.234|9
Y92.252|9
Y92.513|3
Y92.53|6
Y92.531|7
Y92.532|4
Y92.62|1
Y92.79|8
Y93.1|6
Y93.59|5
Y93.67|4
Y93.H9|7
Y99.9|8
Z01.0|10
Z01.30|3
Z01.411|6
Z01.818|1
Z02.2|2
Z03.6|4
Z03.73|1
Z05.72|9
Z11.2|5
Z13.820|5
Z13.83|1
Z15.04|1
Z15.89|9
Z16.21|9
Z16.35|10
Z17.0|5
Z20.818|1
Z22.31|4
Z22.9|2
Z28.09|7
Z33.1|8
Z34.80|7
Z36.2|3
Z38.2|8
Z38.62|6
Z38.65|7
Z3A.10|10
Z3A.41|6
Z43.0|9
Z43.6|5
Z43.8|6
Z44.012|4
Z44.21|8
Z45.09|6
Z45.321|10
Z45.9|7
Z46.4|2
Z46.5|2
Z47.82|6
Z48.810|5
Z52.4|8
Z53.20|7
Z53.9|4
Z62.811|6
Z62.890|5
Z63.0|4
Z63.3|8
Z63.72|1
Z63.79|7
Z65.4|10
Z69.12|5
Z71.2|5
Z71.5|3
Z75.9|9
Z77.0|3
Z79.84|2
Z80.1|9
Z82.41|6
Z83.43|10
Z83.438|7
Z85.110|9
Z85.118|4
Z85.47|1
Z85.48|10
Z85.82|9
Z86.11|7
Z86.73|10
Z87.0|6
Z87.09|8
Z87.1|2
Z87.44|4
Z88.5|10
Z89.012|10
Z89.411|8
Z89.431|10
Z89.6|8
Z90.1|4
Z90.10|10
Z91.410|9
Z91.419|2
Z91.51|3
Z91.843|1
Z95.0|1
Z95.82|6
Z96.619|8
Z96.62|6
Z96.641|9
Z96.691|2
Z96.692|3
Z97.15|1
Z97.8|5
Z98.0|2
Z98.811|5
Z98.818|10
